time,open,high,low,close,vwap,volume,count
2024-04-21 03:00:00,3182.50,3197.14,3167.47,3170.27,3183.83,337.42363227,431
2024-04-21 04:00:00,3168.95,3181.30,3158.00,3176.83,3169.18,75.36091902,268
2024-04-21 05:00:00,3176.87,3191.19,3172.05,3177.65,3182.00,78.15752353,291
2024-04-21 06:00:00,3176.91,3191.67,3173.78,3178.74,3185.70,402.49599492,331
2024-04-21 07:00:00,3178.75,3182.70,3165.93,3180.47,3174.77,209.89704848,244
2024-04-21 08:00:00,3180.49,3186.50,3171.42,3171.43,3178.93,52.63852919,225
2024-04-21 09:00:00,3171.43,3175.10,3165.93,3167.84,3169.85,360.51498301,213
2024-04-21 10:00:00,3170.48,3171.42,3152.25,3168.33,3157.07,588.56981517,287
2024-04-21 11:00:00,3168.34,3183.07,3160.22,3169.10,3172.37,171.78663900,257
2024-04-21 12:00:00,3169.11,3174.70,3156.12,3158.81,3163.91,196.98444655,230
2024-04-21 13:00:00,3158.81,3168.00,3142.12,3147.66,3153.82,732.09290001,406
2024-04-21 14:00:00,3147.17,3157.10,3145.25,3148.63,3149.70,160.08705623,269
2024-04-21 15:00:00,3148.63,3164.21,3148.62,3159.10,3159.19,253.72838476,304
2024-04-21 16:00:00,3159.11,3160.58,3120.00,3137.09,3134.33,1096.62147592,665
2024-04-21 17:00:00,3137.09,3150.00,3135.53,3149.49,3144.06,1091.45394983,445
2024-04-21 18:00:00,3149.50,3149.50,3137.40,3145.55,3146.50,311.57267445,280
2024-04-21 19:00:00,3145.55,3155.52,3140.46,3140.46,3150.29,71.54191640,314
2024-04-21 20:00:00,3139.53,3150.70,3132.12,3149.06,3143.95,103.69710810,392
2024-04-21 21:00:00,3149.07,3168.49,3144.61,3151.31,3154.62,94.96807393,320
2024-04-21 22:00:00,3147.46,3164.01,3141.04,3156.55,3154.21,218.92292995,302
2024-04-21 23:00:00,3155.80,3156.23,3144.47,3148.05,3147.24,162.86667108,247
2024-04-22 00:00:00,3148.31,3166.25,3147.51,3152.23,3156.17,160.89433620,353
2024-04-22 01:00:00,3152.23,3189.99,3139.72,3141.56,3154.44,399.65880473,631
2024-04-22 02:00:00,3140.47,3145.69,3130.05,3145.54,3138.58,93.71716318,332
2024-04-22 03:00:00,3145.54,3210.14,3145.54,3190.60,3180.12,689.31790882,707
2024-04-22 04:00:00,3190.01,3202.23,3187.45,3195.11,3194.98,180.16716620,388
2024-04-22 05:00:00,3194.88,3230.90,3194.88,3229.53,3210.97,373.86067927,638
2024-04-22 06:00:00,3229.53,3234.55,3221.91,3221.92,3228.67,203.30560325,380
2024-04-22 07:00:00,3221.92,3230.83,3205.66,3205.86,3210.15,399.62624666,441
2024-04-22 08:00:00,3205.86,3217.60,3198.68,3206.10,3212.02,479.58721957,505
2024-04-22 09:00:00,3206.10,3216.62,3201.35,3214.09,3212.35,118.67848021,325
2024-04-22 10:00:00,3214.09,3224.46,3210.15,3210.15,3216.59,174.07170170,322
2024-04-22 11:00:00,3210.15,3213.10,3191.59,3194.16,3205.15,455.22890468,377
2024-04-22 12:00:00,3194.16,3207.43,3189.31,3203.59,3200.83,1063.21705505,446
2024-04-22 13:00:00,3203.59,3211.40,3181.55,3195.15,3197.23,416.97770552,431
2024-04-22 14:00:00,3195.01,3207.09,3181.96,3184.57,3195.92,714.42762327,431
2024-04-22 15:00:00,3184.57,3185.25,3170.49,3184.40,3178.11,1104.72137685,508
2024-04-22 16:00:00,3184.40,3200.32,3173.92,3183.82,3186.34,670.95562301,476
2024-04-22 17:00:00,3183.82,3218.21,3183.82,3203.85,3198.94,970.45647545,530
2024-04-22 18:00:00,3201.11,3206.63,3192.93,3193.17,3202.81,774.21221145,415
2024-04-22 19:00:00,3193.17,3195.83,3178.83,3189.90,3185.96,457.65066903,404
2024-04-22 20:00:00,3189.91,3201.94,3185.78,3191.23,3194.05,536.49465899,530
2024-04-22 21:00:00,3191.06,3199.06,3185.09,3196.76,3191.69,370.78708218,294
2024-04-22 22:00:00,3196.77,3224.81,3196.77,3219.30,3207.20,690.71226422,507
2024-04-22 23:00:00,3219.99,3222.16,3197.25,3202.00,3206.96,360.15771660,287
2024-04-23 00:00:00,3202.00,3217.27,3197.09,3217.24,3210.07,263.95683711,418
2024-04-23 01:00:00,3217.25,3223.33,3207.00,3208.54,3217.26,369.11150430,346
2024-04-23 02:00:00,3208.54,3217.22,3195.11,3197.09,3201.39,1139.43342680,330
2024-04-23 03:00:00,3197.32,3202.06,3185.39,3186.81,3194.55,503.40172039,306
2024-04-23 04:00:00,3186.81,3193.68,3172.92,3178.02,3185.85,82.04757921,338
2024-04-23 05:00:00,3178.37,3188.94,3174.69,3186.35,3185.10,377.78994125,287
2024-04-23 06:00:00,3186.35,3191.89,3172.68,3175.78,3183.34,234.39873752,270
2024-04-23 07:00:00,3176.53,3179.01,3154.00,3161.59,3162.34,1085.07764273,618
2024-04-23 08:00:00,3161.99,3169.44,3155.00,3169.43,3162.62,159.97825726,315
2024-04-23 09:00:00,3169.44,3172.49,3165.32,3167.01,3169.52,209.18344786,236
2024-04-23 10:00:00,3167.02,3185.00,3167.02,3182.47,3180.58,343.37907368,342
2024-04-23 11:00:00,3182.96,3182.96,3167.98,3178.21,3173.71,96.89149278,209
2024-04-23 12:00:00,3179.08,3188.43,3174.81,3184.84,3180.99,339.09380133,269
2024-04-23 13:00:00,3185.81,3207.11,3175.82,3206.72,3191.74,561.08502643,529
2024-04-23 14:00:00,3207.36,3263.55,3207.36,3249.14,3238.45,2019.14182877,1096
2024-04-23 15:00:00,3249.15,3249.52,3223.61,3223.61,3232.09,567.25815181,464
2024-04-23 16:00:00,3225.42,3240.45,3217.96,3233.09,3234.23,1747.48222297,465
2024-04-23 17:00:00,3233.10,3246.94,3225.94,3237.74,3235.70,1205.70713966,397
2024-04-23 18:00:00,3238.44,3240.94,3221.36,3230.34,3232.70,669.26464576,402
2024-04-23 19:00:00,3230.33,3230.33,3216.07,3216.79,3219.44,590.05598708,376
2024-04-23 20:00:00,3218.62,3221.98,3190.00,3206.67,3198.90,274.80443373,471
2024-04-23 21:00:00,3207.39,3209.96,3201.48,3208.73,3207.30,570.40598636,266
2024-04-23 22:00:00,3209.54,3220.33,3208.27,3214.88,3212.98,701.96239516,264
2024-04-23 23:00:00,3215.32,3221.41,3203.01,3220.02,3217.88,676.91465012,353
2024-04-24 00:00:00,3220.00,3233.00,3212.92,3229.26,3222.34,328.85287915,312
2024-04-24 01:00:00,3229.26,3247.41,3229.26,3240.74,3236.21,288.15605160,480
2024-04-24 02:00:00,3239.77,3241.48,3216.30,3230.43,3232.25,139.88181282,316
2024-04-24 03:00:00,3230.43,3244.05,3229.65,3236.62,3238.23,269.35840269,247
2024-04-24 04:00:00,3237.81,3272.93,3236.76,3272.93,3254.62,342.39404925,441
2024-04-24 05:00:00,3272.26,3274.60,3250.01,3258.13,3263.50,306.06434582,321
2024-04-24 06:00:00,3258.12,3259.26,3245.42,3256.75,3251.65,328.09534497,289
2024-04-24 07:00:00,3256.75,3265.33,3250.12,3250.30,3257.59,211.67144663,271
2024-04-24 08:00:00,3250.30,3259.98,3244.37,3251.15,3252.15,107.28071905,287
2024-04-24 09:00:00,3252.77,3254.34,3244.17,3254.34,3248.85,165.57445516,285
2024-04-24 10:00:00,3254.16,3267.93,3248.65,3266.94,3258.20,135.62861475,202
2024-04-24 11:00:00,3268.05,3284.77,3266.30,3281.92,3277.04,178.47614642,431
2024-04-24 12:00:00,3281.93,3291.64,3270.98,3273.31,3282.42,242.04165588,446
2024-04-24 13:00:00,3273.37,3273.42,3240.75,3246.71,3255.60,381.74102006,482
2024-04-24 14:00:00,3247.04,3255.30,3188.04,3210.98,3208.96,2196.49494765,1266
2024-04-24 15:00:00,3213.11,3213.11,3168.95,3176.42,3184.08,807.25120154,856
2024-04-24 16:00:00,3175.47,3189.17,3158.27,3171.31,3174.65,667.20840719,627
2024-04-24 17:00:00,3171.83,3191.86,3171.83,3177.96,3187.27,320.82071997,495
2024-04-24 18:00:00,3178.78,3178.78,3120.47,3127.50,3136.99,1381.54153630,951
2024-04-24 19:00:00,3126.26,3145.61,3105.75,3132.42,3132.38,411.02102348,632
2024-04-24 20:00:00,3132.79,3138.26,3115.00,3129.29,3128.46,574.49232930,594
2024-04-24 21:00:00,3129.30,3148.00,3125.48,3146.68,3141.15,192.14237696,370
2024-04-24 22:00:00,3146.68,3147.65,3123.20,3130.00,3136.66,237.47459405,238
2024-04-24 23:00:00,3130.00,3139.73,3112.00,3138.84,3131.58,191.19490101,412
2024-04-25 00:00:00,3139.11,3160.26,3136.89,3156.47,3151.21,1334.52500806,390
2024-04-25 01:00:00,3156.33,3170.18,3143.10,3143.10,3161.92,317.14428751,339
2024-04-25 02:00:00,3140.32,3161.71,3128.50,3152.37,3150.23,77.80956416,355
2024-04-25 03:00:00,3152.71,3160.00,3142.27,3147.11,3150.84,59.85893301,303
2024-04-25 04:00:00,3147.08,3154.07,3128.22,3154.07,3142.56,86.02131815,269
2024-04-25 05:00:00,3154.07,3163.94,3142.65,3157.45,3151.79,120.02201206,289
2024-04-25 06:00:00,3157.55,3164.17,3156.01,3157.00,3157.91,91.40637393,190
2024-04-25 07:00:00,3157.01,3158.98,3130.99,3135.57,3151.19,222.72330662,288
2024-04-25 08:00:00,3135.56,3147.28,3123.73,3135.26,3132.17,108.39066902,268
2024-04-25 09:00:00,3135.51,3149.34,3130.96,3135.39,3139.83,230.37228199,196
2024-04-25 10:00:00,3135.39,3135.39,3074.39,3082.65,3092.41,1105.82003637,968
2024-04-25 11:00:00,3084.05,3118.51,3081.85,3112.82,3103.18,268.44100008,406
2024-04-25 12:00:00,3112.82,3151.34,3096.45,3108.12,3122.70,716.71651689,637
2024-04-25 13:00:00,3108.12,3125.06,3079.05,3124.75,3106.96,1162.32341985,729
2024-04-25 14:00:00,3121.84,3140.51,3106.52,3113.77,3120.66,456.55224025,530
2024-04-25 15:00:00,3113.78,3164.35,3113.78,3157.15,3138.90,964.25976696,635
2024-04-25 16:00:00,3157.16,3164.22,3147.47,3155.51,3156.40,453.69905396,437
2024-04-25 17:00:00,3155.78,3170.42,3146.16,3158.54,3156.58,321.22434966,442
2024-04-25 18:00:00,3158.54,3170.79,3150.18,3170.09,3158.03,412.49237431,359
2024-04-25 19:00:00,3169.98,3172.00,3153.17,3161.77,3161.09,260.66826841,302
2024-04-25 20:00:00,3161.98,3176.09,3155.74,3174.57,3167.00,447.81973686,356
2024-04-25 21:00:00,3174.33,3190.86,3169.82,3170.22,3179.43,191.76092385,343
2024-04-25 22:00:00,3170.77,3172.22,3158.19,3159.69,3164.80,145.70868314,257
2024-04-25 23:00:00,3159.52,3165.72,3154.15,3155.68,3159.88,137.11592650,264
2024-04-26 00:00:00,3155.63,3157.56,3134.35,3146.92,3146.41,310.04566949,342
2024-04-26 01:00:00,3146.84,3159.52,3127.49,3147.19,3138.76,102.70166295,293
2024-04-26 02:00:00,3147.56,3163.67,3147.19,3154.90,3154.92,61.88661949,224
2024-04-26 03:00:00,3154.89,3154.90,3140.47,3141.70,3147.39,305.68237144,233
2024-04-26 04:00:00,3141.71,3141.81,3131.21,3133.44,3136.76,39.34628739,253
2024-04-26 05:00:00,3133.00,3150.00,3130.21,3150.00,3138.64,218.19298326,265
2024-04-26 06:00:00,3149.99,3153.17,3137.30,3139.93,3147.66,76.26331602,192
2024-04-26 07:00:00,3139.97,3144.61,3132.46,3136.67,3137.92,367.84213299,219
2024-04-26 08:00:00,3136.67,3145.71,3135.45,3139.31,3139.10,201.97163710,205
2024-04-26 09:00:00,3140.88,3154.82,3139.34,3148.74,3148.51,169.60487342,221
2024-04-26 10:00:00,3148.75,3153.47,3122.22,3122.75,3133.64,624.31022410,326
2024-04-26 11:00:00,3122.87,3129.60,3122.87,3128.38,3126.80,278.68832007,293
2024-04-26 12:00:00,3128.21,3147.21,3120.24,3128.00,3140.14,1449.48000137,589
2024-04-26 13:00:00,3128.00,3147.20,3111.85,3147.20,3126.70,549.24983431,437
2024-04-26 14:00:00,3146.26,3166.13,3123.74,3125.70,3149.02,431.38404996,554
2024-04-26 15:00:00,3125.43,3133.58,3102.55,3117.00,3116.44,1110.98367629,664
2024-04-26 16:00:00,3117.01,3127.53,3106.30,3123.34,3117.94,547.33412876,1033
2024-04-26 17:00:00,3123.35,3144.19,3118.79,3143.71,3130.88,399.72293758,1353
2024-04-26 18:00:00,3144.24,3153.32,3143.01,3149.47,3149.92,387.39896905,415
2024-04-26 19:00:00,3149.75,3150.87,3135.68,3135.68,3143.02,469.84628484,357
2024-04-26 20:00:00,3133.43,3148.79,3133.10,3141.91,3145.07,714.76991406,332
2024-04-26 21:00:00,3141.91,3152.11,3139.60,3152.10,3144.64,273.95097824,680
2024-04-26 22:00:00,3152.11,3152.11,3122.24,3131.53,3136.05,355.37376603,326
2024-04-26 23:00:00,3131.14,3133.29,3126.36,3129.96,3130.14,377.71367258,250
2024-04-27 00:00:00,3129.96,3137.66,3088.00,3106.10,3107.04,919.05122303,591
2024-04-27 01:00:00,3106.95,3110.64,3070.34,3091.76,3094.04,533.30965863,664
2024-04-27 02:00:00,3091.77,3127.99,3090.53,3119.49,3112.10,186.87590568,454
2024-04-27 03:00:00,3119.49,3123.41,3114.49,3120.76,3119.22,151.43280206,233
2024-04-27 04:00:00,3120.77,3125.71,3115.73,3122.55,3120.42,66.09290258,230
2024-04-27 05:00:00,3122.55,3124.73,3108.83,3115.77,3118.76,118.41658091,254
2024-04-27 06:00:00,3115.98,3127.85,3114.43,3122.34,3123.43,76.25009816,249
2024-04-27 07:00:00,3122.32,3129.53,3118.33,3118.33,3120.20,132.46745198,184
2024-04-27 08:00:00,3118.47,3119.66,3110.79,3111.98,3114.36,37.89294979,141
2024-04-27 09:00:00,3112.19,3119.66,3108.95,3116.00,3114.12,15.19217240,149
2024-04-27 10:00:00,3116.01,3119.03,3109.58,3112.90,3113.65,64.14450066,258
2024-04-27 11:00:00,3112.65,3124.57,3108.28,3123.17,3113.63,312.02002120,447
2024-04-27 12:00:00,3122.52,3138.02,3121.01,3137.25,3131.98,207.55327497,304
2024-04-27 13:00:00,3137.26,3149.82,3132.60,3148.70,3140.84,217.73199250,345
2024-04-27 14:00:00,3149.66,3160.97,3143.70,3147.83,3156.31,457.51899691,385
2024-04-27 15:00:00,3147.83,3153.74,3138.15,3140.58,3146.15,516.15146191,373
2024-04-27 16:00:00,3141.84,3157.50,3140.40,3152.02,3150.17,61.97905197,297
2024-04-27 17:00:00,3152.03,3257.55,3152.02,3255.51,3195.83,2142.15269111,1338
2024-04-27 18:00:00,3254.59,3279.31,3230.56,3253.48,3254.87,1217.00527524,1134
2024-04-27 19:00:00,3253.48,3254.00,3230.87,3234.18,3245.89,659.19700350,719
2024-04-27 20:00:00,3234.47,3241.20,3222.73,3233.60,3232.76,133.26640685,392
2024-04-27 21:00:00,3233.61,3247.32,3233.61,3240.32,3240.74,229.62164077,409
2024-04-27 22:00:00,3240.14,3252.63,3240.03,3244.17,3250.60,272.05297539,294
2024-04-27 23:00:00,3244.17,3259.00,3244.17,3252.62,3250.95,471.56306547,412
2024-04-28 00:00:00,3252.63,3257.62,3250.00,3253.31,3253.39,138.53147288,331
2024-04-28 01:00:00,3253.32,3270.00,3251.69,3263.98,3265.40,131.74371357,333
2024-04-28 02:00:00,3264.64,3315.00,3261.18,3307.96,3288.64,350.08616078,645
2024-04-28 03:00:00,3308.80,3324.85,3303.01,3307.25,3311.62,484.86067365,464
2024-04-28 04:00:00,3307.25,3307.58,3299.30,3299.30,3304.01,129.05343803,265
2024-04-28 05:00:00,3299.01,3320.67,3298.91,3312.49,3307.15,282.41723788,242
2024-04-28 06:00:00,3312.49,3321.27,3306.37,3319.45,3318.50,248.00479580,235
2024-04-28 07:00:00,3319.51,3333.00,3312.98,3315.00,3320.19,296.53349229,401
2024-04-28 08:00:00,3315.00,3322.54,3307.15,3309.53,3318.49,538.51454344,366
2024-04-28 09:00:00,3309.65,3315.78,3302.00,3304.61,3307.59,179.30147795,398
2024-04-28 10:00:00,3304.61,3306.96,3286.35,3300.00,3296.92,127.45961884,290
2024-04-28 11:00:00,3300.01,3300.01,3274.99,3284.87,3289.03,780.45477828,520
2024-04-28 12:00:00,3284.46,3294.00,3283.49,3287.85,3290.07,450.19620894,213
2024-04-28 13:00:00,3287.11,3318.87,3285.00,3312.42,3309.82,260.51700977,413
2024-04-28 14:00:00,3312.42,3323.66,3304.89,3313.93,3310.90,211.82180213,797
2024-04-28 15:00:00,3312.98,3322.09,3310.37,3319.61,3317.84,260.82284025,652
2024-04-28 16:00:00,3319.61,3327.88,3307.57,3319.27,3322.31,462.74418645,567
2024-04-28 17:00:00,3319.53,3328.63,3312.90,3327.58,3318.09,240.83191156,656
2024-04-28 18:00:00,3327.58,3355.90,3320.45,3342.97,3338.40,520.92610646,896
2024-04-28 19:00:00,3343.18,3343.18,3318.03,3318.03,3327.16,241.27931259,503
2024-04-28 20:00:00,3318.03,3319.51,3308.33,3309.50,3310.53,587.74612622,970
2024-04-28 21:00:00,3309.50,3309.78,3296.85,3302.00,3305.29,136.39030257,716
2024-04-28 22:00:00,3302.00,3308.47,3283.13,3289.40,3294.80,370.46661892,362
2024-04-28 23:00:00,3289.38,3289.38,3251.73,3262.02,3265.16,542.46711186,724
2024-04-29 00:00:00,3262.03,3283.59,3260.73,3281.28,3272.49,350.22989610,298
2024-04-29 01:00:00,3280.95,3285.23,3266.74,3275.09,3278.23,232.65135870,321
2024-04-29 02:00:00,3275.93,3278.54,3217.82,3223.23,3235.89,768.04366536,653
2024-04-29 03:00:00,3221.26,3223.38,3171.41,3177.98,3203.75,1250.22088174,897
2024-04-29 04:00:00,3174.65,3203.26,3173.00,3200.95,3194.41,898.82709578,452
2024-04-29 05:00:00,3199.43,3203.45,3176.27,3202.38,3191.15,768.83239836,539
2024-04-29 06:00:00,3202.38,3205.25,3156.55,3178.88,3183.17,586.90630742,743
2024-04-29 07:00:00,3179.79,3188.98,3172.55,3185.70,3185.69,713.58829305,365
2024-04-29 08:00:00,3186.01,3186.43,3167.00,3171.05,3176.07,87.68240324,249
2024-04-29 09:00:00,3170.71,3183.86,3162.07,3177.05,3169.02,125.07850564,278
2024-04-29 10:00:00,3177.01,3193.66,3173.08,3175.04,3183.20,171.57898716,366
2024-04-29 11:00:00,3175.08,3175.60,3148.73,3159.07,3165.48,470.84656707,442
2024-04-29 12:00:00,3159.07,3173.15,3135.92,3169.58,3159.32,245.66078270,671
2024-04-29 13:00:00,3170.82,3173.24,3113.70,3130.00,3128.80,1136.61174240,889
2024-04-29 14:00:00,3130.00,3178.52,3126.93,3174.96,3161.67,452.81491000,664
2024-04-29 15:00:00,3175.19,3182.99,3170.15,3182.36,3175.84,363.66602213,449
2024-04-29 16:00:00,3182.36,3187.77,3155.85,3157.66,3176.49,381.39383111,467
2024-04-29 17:00:00,3157.74,3177.75,3157.74,3175.23,3166.91,393.60368843,436
2024-04-29 18:00:00,3175.23,3176.98,3161.51,3174.93,3168.82,258.45585780,522
2024-04-29 19:00:00,3172.17,3182.99,3161.08,3182.99,3168.76,455.05921059,394
2024-04-29 20:00:00,3182.98,3190.00,3174.21,3176.76,3178.98,761.27797313,371
2024-04-29 21:00:00,3175.93,3176.16,3164.21,3171.30,3172.81,352.85709122,285
2024-04-29 22:00:00,3173.88,3218.68,3173.88,3215.17,3205.50,1030.04691484,615
2024-04-29 23:00:00,3216.64,3233.00,3214.01,3216.18,3225.75,207.36566088,394
2024-04-30 00:00:00,3216.09,3247.51,3203.75,3242.96,3224.92,377.32327603,386
2024-04-30 01:00:00,3242.54,3242.54,3172.00,3172.00,3207.76,244.49266545,357
2024-04-30 02:00:00,3170.57,3194.67,3150.85,3192.04,3173.27,1211.03311272,602
2024-04-30 03:00:00,3190.41,3191.53,3175.40,3179.87,3185.31,337.56406515,226
2024-04-30 04:00:00,3180.34,3182.75,3168.08,3168.15,3173.52,410.02084582,271
2024-04-30 05:00:00,3169.00,3175.42,3155.00,3167.33,3165.76,263.52334864,253
2024-04-30 06:00:00,3166.85,3173.01,3163.62,3170.12,3164.77,262.41446341,202
2024-04-30 07:00:00,3170.12,3171.50,3152.66,3155.35,3165.96,118.57984588,162
2024-04-30 08:00:00,3155.35,3160.79,3053.71,3066.29,3103.48,2134.03016295,1573
2024-04-30 09:00:00,3064.99,3071.76,3027.75,3047.01,3049.49,978.11022108,872
2024-04-30 10:00:00,3046.88,3053.09,3034.37,3041.80,3043.11,181.40903026,321
2024-04-30 11:00:00,3042.48,3043.34,3004.79,3006.54,3018.80,719.43550493,874
2024-04-30 12:00:00,3006.55,3014.23,2965.61,3008.69,3002.77,2081.74188551,2049
2024-04-30 13:00:00,3008.69,3018.00,2985.41,2993.53,3003.08,844.68012713,681
2024-04-30 14:00:00,2990.92,3034.00,2985.01,3018.90,3011.24,841.87683005,644
2024-04-30 15:00:00,3018.91,3026.99,2984.56,2993.64,2999.02,1636.38741064,785
2024-04-30 16:00:00,2991.54,2993.64,2943.64,2985.29,2972.43,1982.39507204,1498
2024-04-30 17:00:00,2985.29,2993.94,2970.41,2983.51,2977.32,1820.32011333,963
2024-04-30 18:00:00,2983.51,2987.19,2955.08,2973.12,2972.31,499.37928578,942
2024-04-30 19:00:00,2972.45,2980.89,2916.57,2923.75,2937.85,1494.93776042,1819
2024-04-30 20:00:00,2923.47,2974.02,2923.47,2962.29,2961.99,1629.71877511,987
2024-04-30 21:00:00,2962.36,2987.79,2962.36,2984.78,2979.38,827.88014289,558
2024-04-30 22:00:00,2984.01,3024.53,2982.51,3007.31,3004.73,544.13121120,588
2024-04-30 23:00:00,3007.15,3024.58,2997.77,3010.62,3010.80,830.08064166,418
2024-05-01 00:00:00,3010.62,3020.14,2985.00,2995.98,2995.22,515.62810472,412
2024-05-01 01:00:00,2997.41,3009.56,2977.18,2998.54,2994.54,681.65331968,458
2024-05-01 02:00:00,2999.52,2999.78,2959.53,2984.86,2976.86,1198.72074468,595
2024-05-01 03:00:00,2984.85,3003.14,2983.60,3000.58,2998.65,832.28806601,371
2024-05-01 04:00:00,3000.93,3007.86,3000.31,3003.56,3004.46,47.16187065,198
2024-05-01 05:00:00,3003.55,3004.28,2983.78,2991.31,2990.65,187.40828934,246
2024-05-01 06:00:00,2991.31,2991.73,2947.60,2949.23,2973.77,1163.77412822,439
2024-05-01 07:00:00,2950.30,2952.56,2858.00,2866.30,2885.81,3603.92892314,2301
2024-05-01 08:00:00,2866.71,2871.55,2813.80,2858.04,2836.67,2354.11345701,1489
2024-05-01 09:00:00,2858.04,2886.08,2854.04,2872.01,2873.28,535.17218235,546
2024-05-01 10:00:00,2872.62,2892.03,2858.18,2889.19,2885.67,1196.17316670,509
2024-05-01 11:00:00,2889.20,2899.99,2878.02,2899.99,2888.88,311.99175445,425
2024-05-01 12:00:00,2900.00,2928.28,2896.90,2914.20,2915.55,641.08346997,574
2024-05-01 13:00:00,2914.36,2918.31,2879.37,2887.28,2893.10,1150.89401003,662
2024-05-01 14:00:00,2887.28,2908.79,2880.00,2902.96,2889.34,603.04759957,645
2024-05-01 15:00:00,2903.05,2903.17,2863.75,2881.28,2880.73,836.66067051,917
2024-05-01 16:00:00,2881.28,2909.26,2873.40,2887.17,2890.19,757.77152658,570
2024-05-01 17:00:00,2887.18,2928.29,2865.76,2919.27,2904.03,769.33648821,725
2024-05-01 18:00:00,2919.28,3012.00,2917.82,2986.66,2970.91,1823.25485799,1608
2024-05-01 19:00:00,2988.79,2998.55,2910.00,2925.34,2969.58,1269.65851274,1206
2024-05-01 20:00:00,2924.91,2943.72,2912.90,2937.89,2932.44,1311.94779051,681
2024-05-01 21:00:00,2937.90,2971.81,2933.78,2965.54,2943.93,1959.88411880,722
2024-05-01 22:00:00,2963.84,2975.57,2962.67,2966.60,2969.18,262.77772953,452
2024-05-01 23:00:00,2966.60,2979.82,2960.12,2970.02,2968.31,563.32940792,524
2024-05-02 00:00:00,2970.01,2975.26,2943.12,2946.66,2950.28,867.71105163,567
2024-05-02 01:00:00,2946.66,2953.55,2892.78,2902.90,2924.06,339.75061418,572
2024-05-02 02:00:00,2904.85,2926.31,2900.52,2914.88,2911.66,322.88489710,362
2024-05-02 03:00:00,2917.04,2931.95,2917.04,2925.35,2923.74,351.38318712,358
2024-05-02 04:00:00,2926.26,2933.77,2914.89,2918.30,2927.82,454.52332622,310
2024-05-02 05:00:00,2918.56,2919.29,2896.32,2911.02,2909.98,348.82646894,316
2024-05-02 06:00:00,2911.67,2920.10,2907.39,2908.41,2912.41,120.87851721,192
2024-05-02 07:00:00,2910.74,2932.44,2910.74,2919.83,2924.05,204.49554180,338
2024-05-02 08:00:00,2919.01,2942.39,2918.00,2939.50,2929.27,1340.33248104,511
2024-05-02 09:00:00,2939.51,2945.38,2935.00,2944.70,2940.51,122.46892650,217
2024-05-02 10:00:00,2944.70,2965.65,2936.87,2965.64,2957.31,489.35087564,387
2024-05-02 11:00:00,2965.23,3000.00,2964.70,2997.42,2989.72,600.26500937,641
2024-05-02 12:00:00,2994.35,3012.84,2980.51,2982.55,2992.82,1149.97538522,826
2024-05-02 13:00:00,2982.08,2986.99,2957.13,2965.38,2974.71,490.68151220,511
2024-05-02 14:00:00,2965.25,2996.47,2952.95,2994.53,2986.41,1592.20649937,851
2024-05-02 15:00:00,2993.66,3001.72,2985.85,2990.74,2997.13,552.85062130,692
2024-05-02 16:00:00,2990.74,2992.10,2977.67,2981.66,2986.24,393.50353726,565
2024-05-02 17:00:00,2982.08,2997.00,2976.88,2993.77,2987.83,172.89745424,360
2024-05-02 18:00:00,2993.65,3007.10,2975.02,2992.83,2997.93,1277.71492924,573
2024-05-02 19:00:00,2991.57,2998.33,2982.00,2998.33,2989.52,303.20316841,382
2024-05-02 20:00:00,2998.63,3000.18,2971.83,2987.18,2992.86,681.38714598,522
2024-05-02 21:00:00,2987.17,3014.39,2987.17,2996.83,3002.13,154.91902885,416
2024-05-02 22:00:00,2997.20,3014.80,2992.07,2998.18,3001.62,245.26923453,366
2024-05-02 23:00:00,2998.19,2998.19,2986.60,2987.85,2991.10,114.92323339,240
2024-05-03 00:00:00,2987.86,2993.36,2978.92,2984.99,2985.83,343.47486234,290
2024-05-03 01:00:00,2985.00,3015.33,2984.12,3008.70,3006.66,272.57547922,375
2024-05-03 02:00:00,3008.70,3034.00,3004.68,3013.09,3021.93,223.76840364,354
2024-05-03 03:00:00,3013.08,3025.75,3008.00,3010.68,3017.29,1132.55972465,514
2024-05-03 04:00:00,3010.57,3016.30,2997.98,3004.40,3009.10,159.06194692,249
2024-05-03 05:00:00,3004.50,3004.73,2996.93,2997.42,3001.56,54.44918171,157
2024-05-03 06:00:00,2997.83,2997.83,2983.66,2983.67,2988.67,108.87247007,219
2024-05-03 07:00:00,2983.67,2990.32,2958.64,2968.18,2972.91,384.18593757,384
2024-05-03 08:00:00,2968.30,2981.79,2964.39,2974.27,2976.28,182.63132387,205
2024-05-03 09:00:00,2973.47,2989.36,2973.16,2987.00,2985.64,490.51938312,306
2024-05-03 10:00:00,2987.00,2987.01,2960.23,2970.96,2982.75,814.98748746,290
2024-05-03 11:00:00,2971.98,2984.66,2963.09,2979.78,2970.89,995.95979985,509
2024-05-03 12:00:00,2979.78,3043.55,2970.18,3034.47,3011.33,3013.81215746,1104
2024-05-03 13:00:00,3034.91,3063.02,3031.88,3059.58,3046.77,1140.93501374,838
2024-05-03 14:00:00,3059.59,3071.99,3046.03,3055.66,3054.05,951.77149632,626
2024-05-03 15:00:00,3055.72,3084.31,3049.99,3078.00,3055.70,2705.82253470,1024
2024-05-03 16:00:00,3078.00,3088.00,3064.92,3068.72,3077.43,747.52595814,448
2024-05-03 17:00:00,3068.73,3082.00,3065.09,3081.86,3073.74,231.95770555,358
2024-05-03 18:00:00,3081.86,3083.88,3069.00,3069.00,3076.59,159.84047519,307
2024-05-03 19:00:00,3069.01,3074.83,3064.58,3074.65,3069.26,314.17592575,319
2024-05-03 20:00:00,3074.71,3126.36,3073.05,3113.00,3097.94,2725.23158976,1162
2024-05-03 21:00:00,3113.24,3117.02,3097.34,3109.48,3107.35,410.26159269,529
2024-05-03 22:00:00,3110.49,3118.74,3106.07,3110.64,3111.24,916.00639846,523
2024-05-03 23:00:00,3110.01,3121.60,3101.58,3104.77,3109.50,221.71949701,310
2024-05-04 00:00:00,3105.13,3126.99,3101.50,3122.00,3112.27,744.46000049,561
2024-05-04 01:00:00,3122.00,3132.15,3107.62,3107.97,3119.65,472.75726512,467
2024-05-04 02:00:00,3107.96,3107.96,3093.28,3101.89,3096.00,294.09360344,274
2024-05-04 03:00:00,3101.85,3114.29,3101.37,3112.24,3110.28,46.20293751,166
2024-05-04 04:00:00,3112.25,3122.71,3108.79,3118.42,3115.39,61.72434060,220
2024-05-04 05:00:00,3117.96,3123.56,3109.50,3119.58,3115.68,34.96743044,182
2024-05-04 06:00:00,3118.61,3119.06,3106.68,3106.68,3112.06,26.81584616,162
2024-05-04 07:00:00,3106.69,3109.24,3096.39,3096.51,3101.38,34.40948551,144
2024-05-04 08:00:00,3096.51,3110.00,3096.50,3108.51,3104.51,215.14070888,237
2024-05-04 09:00:00,3108.51,3111.08,3103.29,3104.03,3110.60,85.30370340,119
2024-05-04 10:00:00,3105.32,3164.35,3102.38,3164.35,3138.45,395.51657357,671
2024-05-04 11:00:00,3164.99,3165.24,3124.79,3129.64,3143.94,831.42146942,446
2024-05-04 12:00:00,3130.38,3150.53,3126.90,3150.53,3138.38,241.20514340,299
2024-05-04 13:00:00,3150.53,3156.76,3119.79,3130.70,3127.55,735.20133220,474
2024-05-04 14:00:00,3130.71,3136.00,3122.71,3131.56,3130.77,147.33184441,249
2024-05-04 15:00:00,3131.56,3132.05,3118.37,3128.06,3124.69,252.96050860,267
2024-05-04 16:00:00,3127.42,3129.32,3118.37,3128.49,3125.69,349.90639311,247
2024-05-04 17:00:00,3128.74,3135.44,3116.67,3121.43,3125.80,91.73503910,276
2024-05-04 18:00:00,3122.50,3131.37,3122.49,3124.87,3125.49,268.50018996,217
2024-05-04 19:00:00,3124.85,3139.57,3122.51,3137.47,3126.02,38.06260885,202
2024-05-04 20:00:00,3138.08,3146.52,3128.76,3129.12,3141.05,253.13493799,252
2024-05-04 21:00:00,3129.11,3130.67,3107.27,3121.34,3116.78,264.16262852,344
2024-05-04 22:00:00,3122.42,3124.57,3106.69,3108.61,3113.57,19.58849347,175
2024-05-04 23:00:00,3107.88,3119.21,3107.65,3117.78,3116.29,63.84696499,197
2024-05-05 00:00:00,3118.06,3125.91,3090.35,3108.76,3109.84,143.73313606,396
2024-05-05 01:00:00,3108.76,3112.65,3077.00,3091.85,3091.84,754.34847652,460
2024-05-05 02:00:00,3091.86,3095.70,3084.06,3084.61,3090.52,42.46959762,177
2024-05-05 03:00:00,3084.61,3087.51,3077.00,3087.03,3082.49,44.18047817,200
2024-05-05 04:00:00,3087.47,3093.72,3086.54,3089.64,3090.94,38.44902888,110
2024-05-05 05:00:00,3089.95,3096.27,3082.98,3085.99,3091.01,22.84975099,116
2024-05-05 06:00:00,3085.99,3096.36,3083.55,3093.32,3088.84,26.35829352,129
2024-05-05 07:00:00,3093.32,3115.13,3093.31,3106.90,3105.18,131.97939120,259
2024-05-05 08:00:00,3106.86,3168.98,3104.54,3156.64,3147.56,727.92696325,567
2024-05-05 09:00:00,3156.65,3156.65,3133.76,3144.81,3142.97,104.33149393,196
2024-05-05 10:00:00,3144.79,3150.55,3132.27,3135.21,3143.31,43.08995901,138
2024-05-05 11:00:00,3135.17,3140.63,3129.05,3135.95,3136.92,29.33040116,142
2024-05-05 12:00:00,3137.99,3140.89,3130.49,3137.55,3136.07,91.72993383,147
2024-05-05 13:00:00,3137.55,3155.21,3130.99,3146.49,3144.15,102.85686752,254
2024-05-05 14:00:00,3148.32,3154.28,3130.27,3154.28,3139.96,91.74958559,242
2024-05-05 15:00:00,3154.28,3164.77,3147.99,3163.01,3157.65,557.67007338,378
2024-05-05 16:00:00,3163.01,3164.99,3144.14,3148.90,3159.92,659.21251427,363
2024-05-05 17:00:00,3149.16,3160.93,3145.21,3148.89,3152.63,1337.32921548,481
2024-05-05 18:00:00,3148.93,3148.94,3134.47,3139.99,3141.86,202.10508697,238
2024-05-05 19:00:00,3139.98,3146.32,3137.20,3143.45,3142.51,48.81274840,141
2024-05-05 20:00:00,3143.44,3145.03,3134.67,3138.14,3138.17,144.99745693,204
2024-05-05 21:00:00,3137.61,3138.00,3126.04,3136.35,3133.90,108.71252739,283
2024-05-05 22:00:00,3136.37,3136.37,3127.04,3132.19,3130.29,41.81979380,166
2024-05-05 23:00:00,3132.19,3145.87,3131.01,3137.54,3136.29,25.02717576,220
2024-05-06 00:00:00,3137.54,3154.97,3137.32,3149.15,3148.03,165.03297638,298
2024-05-06 01:00:00,3148.87,3164.35,3138.90,3145.22,3153.77,46.01282198,248
2024-05-06 02:00:00,3144.10,3152.74,3134.59,3134.59,3149.37,702.15984863,215
2024-05-06 03:00:00,3134.47,3138.00,3125.10,3133.80,3135.83,65.96072198,211
2024-05-06 04:00:00,3133.89,3146.93,3129.06,3146.85,3133.38,143.32513812,188
2024-05-06 05:00:00,3147.00,3175.42,3143.17,3175.42,3167.26,198.44324805,354
2024-05-06 06:00:00,3175.71,3188.75,3172.66,3177.16,3181.43,165.28476023,370
2024-05-06 07:00:00,3176.80,3182.02,3169.93,3180.74,3175.93,107.45228503,273
2024-05-06 08:00:00,3180.64,3217.66,3177.30,3198.86,3208.25,1167.59028713,820
2024-05-06 09:00:00,3199.79,3206.48,3194.81,3202.12,3201.11,1303.87147719,448
2024-05-06 10:00:00,3202.17,3203.47,3131.42,3146.98,3182.54,465.72020203,682
2024-05-06 11:00:00,3146.99,3163.73,3141.14,3150.19,3154.64,407.22808767,332
2024-05-06 12:00:00,3149.62,3154.67,3088.84,3103.13,3118.46,1170.41014713,1085
2024-05-06 13:00:00,3101.16,3120.70,3096.91,3117.40,3109.22,346.42947468,388
2024-05-06 14:00:00,3117.43,3122.84,3075.76,3077.46,3096.29,790.53225024,592
2024-05-06 15:00:00,3078.10,3092.50,3055.15,3091.82,3067.27,1215.05076725,884
2024-05-06 16:00:00,3091.82,3093.54,3070.36,3070.36,3082.14,347.78067498,379
2024-05-06 17:00:00,3070.68,3088.05,3060.64,3068.88,3076.03,334.07655536,425
2024-05-06 18:00:00,3068.88,3083.94,3062.56,3078.31,3072.95,474.69734919,384
2024-05-06 19:00:00,3078.30,3078.30,3046.88,3068.14,3060.95,444.13641915,457
2024-05-06 20:00:00,3068.15,3079.77,3062.75,3077.53,3074.76,364.69382932,460
2024-05-06 21:00:00,3077.54,3088.64,3077.53,3086.80,3084.99,289.15270642,382
2024-05-06 22:00:00,3085.25,3085.93,3080.00,3081.65,3083.17,158.10397357,271
2024-05-06 23:00:00,3081.94,3082.04,3062.43,3063.02,3071.51,88.66417829,317
2024-05-07 00:00:00,3063.07,3081.59,3049.02,3071.19,3073.54,284.71657748,439
2024-05-07 01:00:00,3072.10,3095.98,3068.83,3093.03,3085.98,223.06259347,392
2024-05-07 02:00:00,3093.02,3094.87,3082.74,3084.45,3089.83,283.38634490,264
2024-05-07 03:00:00,3084.69,3086.80,3025.00,3049.56,3049.01,163.80297907,711
2024-05-07 04:00:00,3047.80,3066.95,3045.05,3065.04,3053.88,559.07449980,624
2024-05-07 05:00:00,3065.04,3079.04,3056.87,3068.58,3068.15,110.88203124,395
2024-05-07 06:00:00,3068.58,3074.47,3058.36,3070.13,3066.25,86.05726102,302
2024-05-07 07:00:00,3069.70,3081.41,3065.14,3078.59,3077.74,35.87389233,218
2024-05-07 08:00:00,3078.58,3123.47,3078.06,3119.01,3093.53,252.50257433,508
2024-05-07 09:00:00,3118.31,3127.99,3110.00,3112.85,3119.50,995.79406805,360
2024-05-07 10:00:00,3112.86,3112.86,3091.52,3101.08,3101.08,170.20942296,244
2024-05-07 11:00:00,3101.07,3104.67,3062.32,3064.20,3079.65,409.83356702,430
2024-05-07 12:00:00,3064.21,3083.30,3064.21,3075.33,3070.86,142.58516774,307
2024-05-07 13:00:00,3075.36,3082.08,3050.01,3057.76,3072.22,433.74001579,511
2024-05-07 14:00:00,3060.15,3090.46,3047.02,3090.46,3069.98,961.86826296,769
2024-05-07 15:00:00,3090.46,3102.67,3069.76,3071.87,3077.76,252.20648592,453
2024-05-07 16:00:00,3071.88,3077.35,3063.03,3068.62,3071.59,514.16394186,378
2024-05-07 17:00:00,3068.62,3069.27,3057.33,3057.99,3061.84,139.84311955,359
2024-05-07 18:00:00,3057.99,3058.99,3027.65,3045.35,3042.72,624.47835900,967
2024-05-07 19:00:00,3045.35,3052.86,3045.04,3048.32,3049.82,128.52829301,506
2024-05-07 20:00:00,3048.31,3057.33,3034.58,3047.02,3048.74,658.24026462,523
2024-05-07 21:00:00,3047.03,3059.36,3037.56,3050.04,3051.19,211.09564528,475
2024-05-07 22:00:00,3050.05,3052.64,3028.05,3036.03,3042.80,129.49201568,481
2024-05-07 23:00:00,3036.03,3036.03,3002.72,3005.14,3017.39,492.27131860,857
2024-05-08 00:00:00,3005.14,3022.20,2996.98,3019.45,3011.31,377.83669929,740
2024-05-08 01:00:00,3019.19,3027.26,3015.32,3023.97,3022.50,326.97962560,332
2024-05-08 02:00:00,3024.32,3032.70,3024.17,3028.07,3027.91,225.39042179,362
2024-05-08 03:00:00,3028.07,3036.42,3019.10,3031.73,3026.45,238.63375990,294
2024-05-08 04:00:00,3031.73,3032.99,3000.00,3011.85,3021.48,322.83836957,298
2024-05-08 05:00:00,3011.85,3025.07,3005.15,3025.07,3014.69,96.17844494,286
2024-05-08 06:00:00,3025.06,3026.89,2996.57,3012.15,3010.32,168.32840010,424
2024-05-08 07:00:00,3013.47,3020.06,2990.00,2994.98,2999.78,296.49526968,541
2024-05-08 08:00:00,2994.96,3007.80,2984.92,3001.62,2994.42,554.56371169,532
2024-05-08 09:00:00,3001.51,3006.02,2980.00,2997.45,2986.85,543.21040288,487
2024-05-08 10:00:00,2997.46,3008.71,2997.45,3004.81,3002.90,269.98796092,388
2024-05-08 11:00:00,3005.54,3005.54,2983.28,2992.07,2993.95,64.83939543,347
2024-05-08 12:00:00,2990.88,3006.67,2987.49,3002.03,2998.02,873.52281397,993
2024-05-08 13:00:00,3000.60,3028.95,2990.81,3025.76,3008.72,420.93626798,614
2024-05-08 14:00:00,3025.76,3028.38,3009.53,3020.82,3019.34,296.54360181,432
2024-05-08 15:00:00,3020.82,3021.77,2986.48,3005.83,3003.34,854.72027462,644
2024-05-08 16:00:00,3005.98,3013.37,2993.19,3013.37,3001.68,675.58621862,455
2024-05-08 17:00:00,3013.37,3023.22,3006.90,3009.82,3014.23,230.53765171,394
2024-05-08 18:00:00,3009.82,3020.75,3008.02,3008.46,3013.15,239.96094660,389
2024-05-08 19:00:00,3008.00,3012.10,2985.91,2997.18,2995.29,610.87766244,547
2024-05-08 20:00:00,2997.24,2999.99,2936.51,2950.29,2954.10,1572.93558166,1184
2024-05-08 21:00:00,2950.34,2978.28,2941.92,2970.00,2949.33,1678.92563783,714
2024-05-08 22:00:00,2970.00,2970.92,2954.81,2966.60,2965.51,422.51976059,430
2024-05-08 23:00:00,2966.60,2973.86,2961.17,2972.86,2966.77,468.42085649,342
2024-05-09 00:00:00,2972.87,2986.16,2972.86,2986.16,2977.80,342.28097392,324
2024-05-09 01:00:00,2986.15,2995.47,2986.14,2995.31,2990.71,143.35908293,351
2024-05-09 02:00:00,2995.31,3001.32,2991.20,2997.35,2995.41,88.29373451,269
2024-05-09 03:00:00,2997.35,2999.50,2988.43,2996.34,2996.15,157.55816799,249
2024-05-09 04:00:00,2996.34,3002.69,2992.12,2993.42,2998.07,109.64599282,206
2024-05-09 05:00:00,2993.42,3012.14,2991.60,3005.43,3003.74,75.62891946,335
2024-05-09 06:00:00,3004.81,3009.56,2997.30,2999.88,3005.13,144.99780558,191
2024-05-09 07:00:00,2999.88,2999.88,2976.60,2981.87,2994.06,247.40744736,255
2024-05-09 08:00:00,2981.64,2988.86,2974.02,2981.20,2982.20,97.17811364,255
2024-05-09 09:00:00,2981.20,2982.99,2964.26,2978.85,2969.77,200.28992319,421
2024-05-09 10:00:00,2978.85,2980.49,2954.70,2954.70,2969.86,73.61986340,318
2024-05-09 11:00:00,2953.90,2981.79,2951.00,2975.58,2969.45,141.65602514,406
2024-05-09 12:00:00,2975.59,2994.23,2975.42,2987.71,2987.15,377.47531105,503
2024-05-09 13:00:00,2987.72,2988.98,2956.93,2970.37,2970.29,304.11818765,464
2024-05-09 14:00:00,2970.36,2984.85,2966.85,2983.29,2976.64,332.70271939,502
2024-05-09 15:00:00,2983.29,3016.67,2982.42,3004.21,3001.08,443.22966062,605
2024-05-09 16:00:00,3004.43,3024.17,2993.74,2993.74,3013.16,275.01549379,528
2024-05-09 17:00:00,2993.75,3009.15,2991.04,3002.97,3003.13,296.48875956,465
2024-05-09 18:00:00,3002.63,3015.23,3001.29,3014.68,3009.64,514.54675099,489
2024-05-09 19:00:00,3014.68,3021.00,3013.78,3021.00,3017.40,391.32245956,387
2024-05-09 20:00:00,3021.01,3025.99,3017.30,3019.99,3020.25,198.68815406,297
2024-05-09 21:00:00,3019.99,3028.00,3017.31,3020.44,3021.23,231.44040475,318
2024-05-09 22:00:00,3020.45,3056.24,3017.41,3052.59,3044.59,384.51132068,655
2024-05-09 23:00:00,3052.59,3054.63,3029.35,3036.25,3038.31,172.43129692,329
2024-05-10 00:00:00,3036.25,3036.25,3022.93,3024.32,3026.83,153.68106130,199
2024-05-10 01:00:00,3024.31,3042.19,3020.14,3036.53,3032.35,523.77156122,440
2024-05-10 02:00:00,3036.54,3036.62,3025.06,3028.51,3029.40,58.85758344,262
2024-05-10 03:00:00,3028.51,3028.84,3024.57,3026.99,3026.53,67.94526389,226
2024-05-10 04:00:00,3026.99,3031.09,3026.30,3029.46,3029.47,325.19358125,235
2024-05-10 05:00:00,3029.46,3032.14,3022.26,3029.21,3026.75,216.37898447,302
2024-05-10 06:00:00,3029.30,3048.26,3028.53,3045.99,3038.56,189.71799402,300
2024-05-10 07:00:00,3046.00,3051.35,3039.22,3044.10,3046.00,336.67964026,283
2024-05-10 08:00:00,3044.09,3044.21,3029.59,3034.18,3035.84,123.78300559,237
2024-05-10 09:00:00,3034.17,3034.18,3028.95,3032.10,3031.47,149.32885978,152
2024-05-10 10:00:00,3032.08,3032.62,3025.32,3029.00,3030.75,76.96559978,194
2024-05-10 11:00:00,3029.02,3035.99,3023.98,3035.99,3031.28,146.52491933,208
2024-05-10 12:00:00,3035.99,3041.33,3023.69,3028.26,3032.35,98.98694459,289
2024-05-10 13:00:00,3027.76,3028.00,3017.30,3023.00,3023.99,1018.29535892,407
2024-05-10 14:00:00,3023.00,3023.00,2918.00,2937.34,2957.58,1418.16280051,1562
2024-05-10 15:00:00,2937.34,2944.99,2908.44,2917.41,2927.82,1306.65077739,1020
2024-05-10 16:00:00,2917.41,2931.89,2888.34,2921.74,2913.08,1488.74518313,1098
2024-05-10 17:00:00,2921.74,2921.74,2880.05,2890.98,2896.16,1188.24420905,918
2024-05-10 18:00:00,2890.51,2906.00,2885.86,2905.99,2894.75,634.31353115,808
2024-05-10 19:00:00,2905.99,2914.10,2896.97,2899.51,2903.88,704.86332734,494
2024-05-10 20:00:00,2898.70,2908.00,2889.20,2889.21,2897.77,403.21781918,458
2024-05-10 21:00:00,2889.21,2903.04,2886.16,2903.04,2893.44,891.20558201,566
2024-05-10 22:00:00,2903.04,2907.43,2898.02,2902.33,2904.10,356.57010873,386
2024-05-10 23:00:00,2902.99,2915.17,2902.99,2909.56,2909.67,83.82830523,336
2024-05-11 00:00:00,2909.56,2916.00,2909.13,2914.32,2911.33,379.33306942,371
2024-05-11 01:00:00,2914.32,2934.34,2914.32,2918.59,2919.77,238.39524971,495
2024-05-11 02:00:00,2918.60,2921.70,2911.98,2916.63,2918.55,218.53248099,296
2024-05-11 03:00:00,2916.63,2917.12,2906.59,2909.32,2913.95,228.63304711,308
2024-05-11 04:00:00,2909.45,2912.99,2906.99,2912.67,2909.54,282.45777712,285
2024-05-11 05:00:00,2912.37,2919.03,2912.36,2918.17,2916.44,91.01197281,210
2024-05-11 06:00:00,2918.27,2924.58,2917.26,2918.63,2920.14,155.96304461,200
2024-05-11 07:00:00,2918.63,2921.17,2917.24,2920.37,2918.70,343.11628770,175
2024-05-11 08:00:00,2920.38,2922.55,2909.99,2912.37,2911.70,331.19258682,217
2024-05-11 09:00:00,2911.14,2911.15,2898.02,2907.01,2904.63,89.90632881,265
2024-05-11 10:00:00,2907.17,2907.99,2900.67,2905.66,2905.80,46.14370702,203
2024-05-11 11:00:00,2905.64,2906.16,2886.85,2902.14,2900.38,53.00309573,289
2024-05-11 12:00:00,2902.08,2906.99,2896.91,2897.98,2899.25,320.59788630,222
2024-05-11 13:00:00,2899.17,2912.82,2894.57,2911.42,2906.37,121.74250994,318
2024-05-11 14:00:00,2911.42,2913.73,2899.66,2901.10,2908.08,141.32337367,194
2024-05-11 15:00:00,2901.11,2941.91,2901.11,2924.24,2920.95,618.85894082,556
2024-05-11 16:00:00,2923.56,2929.64,2916.89,2920.42,2925.01,239.92944379,296
2024-05-11 17:00:00,2921.08,2930.74,2918.92,2927.31,2924.16,97.22614543,288
2024-05-11 18:00:00,2927.32,2936.16,2922.82,2935.46,2929.24,136.76809068,266
2024-05-11 19:00:00,2932.80,2932.80,2925.57,2929.18,2927.41,96.61576888,187
2024-05-11 20:00:00,2928.69,2928.99,2911.64,2922.11,2926.09,232.05180332,330
2024-05-11 21:00:00,2921.96,2922.21,2915.08,2918.19,2917.01,58.86300472,185
2024-05-11 22:00:00,2918.19,2918.41,2915.00,2915.29,2916.55,148.33937290,176
2024-05-11 23:00:00,2915.27,2917.39,2906.09,2910.11,2912.74,228.98254851,203
2024-05-12 00:00:00,2910.11,2921.84,2910.10,2919.82,2918.06,131.45457149,253
2024-05-12 01:00:00,2919.81,2921.04,2912.00,2912.00,2914.93,26.39368046,108
2024-05-12 02:00:00,2912.00,2920.04,2910.01,2917.15,2912.66,81.52467738,211
2024-05-12 03:00:00,2917.15,2919.68,2915.23,2919.59,2918.35,131.61782238,199
2024-05-12 04:00:00,2919.44,2929.99,2919.43,2926.98,2926.33,286.60712253,192
2024-05-12 05:00:00,2926.98,2926.99,2924.16,2924.18,2924.60,6.83404406,60
2024-05-12 06:00:00,2924.18,2924.18,2916.59,2916.77,2922.39,25.85075808,100
2024-05-12 07:00:00,2916.77,2919.19,2902.01,2904.19,2906.48,171.90194392,327
2024-05-12 08:00:00,2904.20,2913.72,2901.78,2912.99,2909.77,354.37652531,264
2024-05-12 09:00:00,2913.01,2917.07,2909.91,2912.32,2913.09,909.11080462,267
2024-05-12 10:00:00,2912.32,2940.00,2912.32,2927.85,2932.44,268.79010409,313
2024-05-12 11:00:00,2927.86,2933.11,2924.95,2924.97,2927.58,124.76492525,152
2024-05-12 12:00:00,2924.97,2931.45,2924.86,2928.68,2926.52,40.59671587,182
2024-05-12 13:00:00,2928.69,2935.00,2928.68,2932.43,2931.56,74.55705400,152
2024-05-12 14:00:00,2932.44,2936.11,2926.03,2926.22,2928.76,311.27388207,189
2024-05-12 15:00:00,2926.22,2940.17,2924.16,2935.73,2934.00,924.00433500,305
2024-05-12 16:00:00,2936.35,2951.99,2929.96,2931.07,2940.52,89.92581117,340
2024-05-12 17:00:00,2928.86,2939.47,2922.81,2939.46,2930.57,158.75829637,334
2024-05-12 18:00:00,2939.47,2939.47,2925.95,2928.09,2927.95,823.03187602,271
2024-05-12 19:00:00,2928.08,2928.09,2921.83,2926.25,2925.61,317.11549481,279
2024-05-12 20:00:00,2926.25,2926.37,2921.60,2921.62,2923.95,61.43664567,154
2024-05-12 21:00:00,2921.62,2930.16,2914.20,2927.25,2920.47,335.10553114,285
2024-05-12 22:00:00,2927.26,2929.99,2926.72,2929.98,2928.21,55.17194801,147
2024-05-12 23:00:00,2929.98,2933.02,2927.20,2929.17,2929.62,37.83101286,177
2024-05-13 00:00:00,2929.18,2940.78,2928.81,2933.50,2933.26,128.15402755,225
2024-05-13 01:00:00,2933.49,2933.50,2908.57,2915.97,2921.38,390.38656467,341
2024-05-13 02:00:00,2915.79,2919.37,2875.00,2885.00,2887.43,1843.12064468,960
2024-05-13 03:00:00,2885.01,2887.93,2864.01,2887.93,2876.35,1491.03993635,712
2024-05-13 04:00:00,2887.93,2888.28,2878.13,2882.99,2883.61,184.55031795,319
2024-05-13 05:00:00,2882.01,2891.62,2871.79,2872.32,2877.75,594.23511515,312
2024-05-13 06:00:00,2872.32,2918.32,2872.32,2916.25,2893.26,1315.98742172,544
2024-05-13 07:00:00,2916.26,2955.00,2915.11,2952.24,2931.47,306.47550709,531
2024-05-13 08:00:00,2952.00,2983.57,2952.00,2971.50,2970.90,772.22283347,674
2024-05-13 09:00:00,2973.14,2992.00,2973.14,2985.19,2984.60,418.07242703,451
2024-05-13 10:00:00,2985.19,2985.76,2948.75,2962.17,2964.74,602.13526956,345
2024-05-13 11:00:00,2962.17,2966.84,2955.22,2964.30,2962.33,173.39193285,276
2024-05-13 12:00:00,2964.31,2969.11,2956.22,2962.02,2962.88,1171.08476087,557
2024-05-13 13:00:00,2962.02,2981.65,2962.01,2962.36,2964.73,887.32599538,590
2024-05-13 14:00:00,2962.36,2971.00,2949.30,2951.26,2960.98,674.87079035,486
2024-05-13 15:00:00,2951.27,2971.00,2951.26,2960.50,2961.72,666.15781603,409
2024-05-13 16:00:00,2960.66,2976.09,2954.98,2973.42,2969.66,1005.06660947,511
2024-05-13 17:00:00,2973.42,2976.56,2935.97,2940.55,2945.83,830.40258600,531
2024-05-13 18:00:00,2940.54,2941.27,2927.47,2941.00,2934.04,497.14464067,424
2024-05-13 19:00:00,2941.00,2955.81,2941.00,2953.40,2951.13,220.13728086,424
2024-05-13 20:00:00,2954.24,2958.38,2950.50,2952.39,2955.44,563.37512269,344
2024-05-13 21:00:00,2952.39,2953.74,2944.90,2947.50,2951.68,168.09995409,217
2024-05-13 22:00:00,2948.62,2951.33,2939.12,2940.29,2945.77,243.10521792,231
2024-05-13 23:00:00,2940.30,2950.12,2939.93,2948.99,2947.51,76.46553181,234
2024-05-14 00:00:00,2948.99,2955.86,2936.86,2944.70,2949.77,196.63156011,303
2024-05-14 01:00:00,2944.71,2957.51,2937.66,2943.73,2949.62,123.40370028,329
2024-05-14 02:00:00,2943.72,2955.03,2938.54,2949.22,2946.54,68.04175416,280
2024-05-14 03:00:00,2946.11,2952.18,2937.23,2938.98,2944.45,80.87397639,224
2024-05-14 04:00:00,2938.99,2942.99,2931.47,2935.07,2937.14,204.44179927,235
2024-05-14 05:00:00,2934.88,2945.66,2934.09,2941.39,2942.21,266.22883676,252
2024-05-14 06:00:00,2941.07,2941.07,2882.26,2915.85,2909.80,394.60118253,759
2024-05-14 07:00:00,2915.09,2918.07,2911.35,2917.98,2914.24,124.70513130,239
2024-05-14 08:00:00,2917.98,2917.98,2904.70,2912.99,2912.16,129.18456138,224
2024-05-14 09:00:00,2912.98,2914.71,2905.55,2909.02,2910.62,50.61297482,205
2024-05-14 10:00:00,2909.02,2911.75,2897.55,2901.75,2903.59,1225.48793179,398
2024-05-14 11:00:00,2901.75,2909.66,2901.75,2904.81,2906.61,75.86312119,266
2024-05-14 12:00:00,2904.81,2917.85,2887.86,2893.02,2905.92,1103.78823084,559
2024-05-14 13:00:00,2893.01,2909.61,2888.90,2894.76,2900.01,232.24189043,452
2024-05-14 14:00:00,2894.66,2920.00,2871.00,2891.01,2888.30,2241.55594969,1098
2024-05-14 15:00:00,2891.01,2910.84,2885.78,2896.98,2897.12,440.16925797,606
2024-05-14 16:00:00,2896.98,2897.25,2884.47,2888.99,2889.60,587.92703640,487
2024-05-14 17:00:00,2888.99,2890.33,2860.08,2874.00,2873.61,330.26798440,604
2024-05-14 18:00:00,2874.01,2885.30,2869.30,2884.35,2878.47,417.58379378,633
2024-05-14 19:00:00,2884.35,2896.01,2884.24,2891.04,2890.86,284.76143705,447
2024-05-14 20:00:00,2891.29,2898.59,2886.98,2890.88,2895.16,741.77524380,468
2024-05-14 21:00:00,2890.88,2899.98,2886.06,2892.53,2892.29,541.55124117,446
2024-05-14 22:00:00,2892.52,2895.99,2885.64,2886.00,2889.43,1735.22011203,409
2024-05-14 23:00:00,2886.00,2887.74,2876.97,2881.49,2879.72,662.44205310,249
2024-05-15 00:00:00,2881.49,2890.62,2864.75,2866.93,2877.67,583.25515205,545
2024-05-15 01:00:00,2867.12,2884.39,2867.12,2884.20,2875.36,980.34719843,457
2024-05-15 02:00:00,2884.17,2889.31,2882.60,2886.51,2886.81,424.87467352,290
2024-05-15 03:00:00,2886.51,2900.00,2886.51,2899.80,2896.12,356.03703001,328
2024-05-15 04:00:00,2899.80,2902.90,2897.28,2902.90,2901.47,116.10967254,145
2024-05-15 05:00:00,2902.55,2910.00,2899.99,2903.51,2903.77,297.90648843,266
2024-05-15 06:00:00,2903.52,2907.39,2902.02,2902.99,2904.65,93.90168141,160
2024-05-15 07:00:00,2902.99,2919.40,2902.21,2915.45,2908.68,199.17604414,314
2024-05-15 08:00:00,2915.45,2915.72,2903.30,2904.19,2905.90,105.61236076,147
2024-05-15 09:00:00,2904.16,2929.97,2893.72,2922.49,2910.60,111.41373346,344
2024-05-15 10:00:00,2922.50,2922.50,2907.08,2907.93,2912.89,119.07049598,241
2024-05-15 11:00:00,2907.88,2907.88,2887.33,2895.85,2898.61,195.28265914,246
2024-05-15 12:00:00,2895.85,2956.96,2895.43,2944.98,2937.71,677.79126553,878
2024-05-15 13:00:00,2944.99,2982.82,2936.17,2949.87,2962.61,1496.99200233,943
2024-05-15 14:00:00,2949.88,2973.79,2946.03,2973.79,2957.97,929.36939522,514
2024-05-15 15:00:00,2973.79,2994.19,2970.05,2976.24,2981.12,690.55830563,674
2024-05-15 16:00:00,2977.00,2987.20,2971.72,2975.49,2977.45,220.65390848,342
2024-05-15 17:00:00,2975.11,2988.00,2975.09,2985.94,2980.43,444.48585772,456
2024-05-15 18:00:00,2985.93,3008.33,2983.64,3004.33,2996.27,1043.34850982,689
2024-05-15 19:00:00,3004.33,3025.13,2993.31,3025.12,3015.54,973.10967175,678
2024-05-15 20:00:00,3025.13,3028.77,3012.65,3021.43,3019.93,782.89478871,548
2024-05-15 21:00:00,3021.44,3025.59,3014.68,3014.68,3018.13,233.57769989,355
2024-05-15 22:00:00,3015.14,3022.68,3011.16,3014.26,3015.69,385.24198591,364
2024-05-15 23:00:00,3015.26,3039.95,3014.03,3033.23,3029.97,371.25179230,563
2024-05-16 00:00:00,3033.21,3040.93,3020.00,3022.52,3026.97,818.08036131,826
2024-05-16 01:00:00,3021.62,3022.85,3009.52,3015.16,3018.86,1628.73205651,535
2024-05-16 02:00:00,3015.32,3016.90,2995.26,3004.21,3010.51,1501.62631514,397
2024-05-16 03:00:00,3006.41,3018.32,3000.18,3014.47,3013.11,189.98868985,245
2024-05-16 04:00:00,3014.47,3014.47,3007.50,3007.58,3011.27,184.92753616,184
2024-05-16 05:00:00,3007.59,3010.04,3006.23,3007.07,3008.50,97.12027018,219
2024-05-16 06:00:00,3006.79,3019.25,3004.97,3015.77,3011.38,335.06161034,278
2024-05-16 07:00:00,3015.77,3020.01,3013.70,3016.35,3017.54,344.44779596,241
2024-05-16 08:00:00,3016.02,3025.49,3006.22,3009.83,3017.80,660.85310137,386
2024-05-16 09:00:00,3009.84,3009.84,3000.18,3007.68,3003.73,192.99999128,286
2024-05-16 10:00:00,3007.69,3007.70,2991.93,2997.41,2999.01,634.26945371,360
2024-05-16 11:00:00,2997.41,3007.18,2993.43,3007.18,3000.84,391.03120099,367
2024-05-16 12:00:00,3007.18,3007.23,2976.60,2981.42,2991.87,1254.42476271,699
2024-05-16 13:00:00,2981.42,2985.60,2969.99,2983.08,2976.23,377.64525693,511
2024-05-16 14:00:00,2981.54,2986.92,2940.51,2943.28,2962.18,1268.73384960,743
2024-05-16 15:00:00,2942.67,2959.64,2932.48,2957.18,2949.97,2503.74334846,863
2024-05-16 16:00:00,2957.07,2958.84,2944.33,2946.04,2948.14,1193.56601358,553
2024-05-16 17:00:00,2945.84,2951.26,2927.13,2946.68,2937.74,479.45379405,605
2024-05-16 18:00:00,2946.67,2955.01,2946.18,2949.55,2950.71,1658.57017073,433
2024-05-16 19:00:00,2949.39,2953.27,2944.00,2945.79,2946.71,1058.96084908,466
2024-05-16 20:00:00,2945.80,2945.80,2936.16,2936.18,2939.68,430.04710709,342
2024-05-16 21:00:00,2936.18,2941.40,2930.01,2940.18,2936.91,190.44327495,330
2024-05-16 22:00:00,2940.11,2940.22,2925.59,2938.85,2931.57,191.13909132,339
2024-05-16 23:00:00,2938.73,2944.48,2932.33,2944.48,2939.45,136.70528037,314
2024-05-17 00:00:00,2944.48,2951.53,2941.68,2950.66,2948.90,293.20440374,438
2024-05-17 01:00:00,2950.65,2950.66,2934.12,2946.42,2945.29,140.49990193,360
2024-05-17 02:00:00,2946.42,2954.41,2942.19,2951.81,2946.02,119.21390113,264
2024-05-17 03:00:00,2951.81,2953.98,2948.71,2950.63,2951.09,65.15222566,224
2024-05-17 04:00:00,2950.63,2955.11,2945.70,2946.02,2951.61,175.69958632,239
2024-05-17 05:00:00,2946.26,2948.99,2943.68,2945.99,2946.11,106.40375909,182
2024-05-17 06:00:00,2946.00,2965.45,2943.50,2960.96,2956.26,206.81147866,374
2024-05-17 07:00:00,2960.92,3032.79,2960.92,3024.83,3007.90,1716.24348575,1144
2024-05-17 08:00:00,3024.83,3057.76,3019.18,3028.62,3041.88,1117.54532317,894
2024-05-17 09:00:00,3027.17,3034.00,3024.17,3028.37,3029.24,218.36992297,367
2024-05-17 10:00:00,3029.40,3038.91,3018.64,3035.99,3031.93,364.55858306,376
2024-05-17 11:00:00,3035.99,3036.59,3026.13,3031.83,3031.37,185.25571928,302
2024-05-17 12:00:00,3031.57,3083.90,3020.35,3080.08,3049.59,1404.97955752,925
2024-05-17 13:00:00,3079.83,3086.06,3054.44,3060.44,3073.46,709.87798541,634
2024-05-17 14:00:00,3060.83,3093.00,3058.05,3093.00,3080.18,1751.32616144,886
2024-05-17 15:00:00,3093.00,3116.15,3078.35,3112.99,3102.87,1572.19374339,1073
2024-05-17 16:00:00,3112.99,3120.00,3097.20,3097.20,3103.44,1222.42866290,812
2024-05-17 17:00:00,3097.21,3103.76,3086.20,3086.60,3096.97,539.43866049,528
2024-05-17 18:00:00,3086.61,3088.29,3070.42,3088.29,3077.11,1332.48340844,662
2024-05-17 19:00:00,3087.20,3089.75,3080.65,3085.92,3085.35,542.54252763,478
2024-05-17 20:00:00,3084.00,3092.20,3082.76,3090.36,3084.70,449.06741301,556
2024-05-17 21:00:00,3090.36,3095.09,3087.85,3088.68,3091.25,201.01122515,400
2024-05-17 22:00:00,3088.68,3094.96,3088.67,3091.91,3090.87,167.24772048,349
2024-05-17 23:00:00,3091.79,3094.05,3089.52,3093.54,3090.67,651.40377763,552
2024-05-18 00:00:00,3093.54,3099.42,3089.01,3099.36,3092.44,395.19460864,343
2024-05-18 01:00:00,3099.37,3109.21,3087.13,3109.21,3096.33,139.96685104,376
2024-05-18 02:00:00,3108.29,3108.97,3093.78,3098.76,3097.61,188.47250481,313
2024-05-18 03:00:00,3098.77,3129.26,3098.77,3114.71,3115.82,1211.11564425,779
2024-05-18 04:00:00,3114.32,3118.00,3101.61,3102.55,3107.56,121.12269875,375
2024-05-18 05:00:00,3102.55,3102.55,3095.08,3098.62,3100.63,189.90783501,339
2024-05-18 06:00:00,3098.62,3101.63,3092.86,3100.06,3095.82,115.00185874,224
2024-05-18 07:00:00,3100.02,3109.17,3097.66,3100.51,3104.05,77.40278367,342
2024-05-18 08:00:00,3100.50,3118.44,3100.50,3118.44,3114.27,223.27667864,403
2024-05-18 09:00:00,3118.44,3126.68,3113.88,3126.68,3117.74,112.80041657,265
2024-05-18 10:00:00,3126.67,3141.96,3122.25,3137.75,3130.89,250.79697432,510
2024-05-18 11:00:00,3137.80,3144.67,3133.59,3137.15,3138.09,272.77844234,370
2024-05-18 12:00:00,3137.15,3137.15,3120.00,3120.00,3128.28,279.18376775,346
2024-05-18 13:00:00,3120.21,3120.80,3109.14,3110.18,3116.48,78.68373167,311
2024-05-18 14:00:00,3109.22,3113.10,3100.00,3106.52,3108.85,260.11787681,411
2024-05-18 15:00:00,3106.52,3113.59,3103.24,3112.10,3108.42,254.81494524,784
2024-05-18 16:00:00,3112.11,3121.66,3107.22,3111.44,3114.69,79.78488472,345
2024-05-18 17:00:00,3111.45,3118.92,3111.20,3112.73,3116.00,161.35052470,290
2024-05-18 18:00:00,3112.72,3116.74,3111.25,3112.37,3112.26,99.90930562,187
2024-05-18 19:00:00,3112.36,3119.07,3112.13,3119.07,3115.01,85.32708530,219
2024-05-18 20:00:00,3119.07,3125.78,3115.00,3120.55,3118.67,163.23736088,351
2024-05-18 21:00:00,3120.54,3121.46,3108.96,3114.70,3117.14,127.93997827,398
2024-05-18 22:00:00,3114.71,3123.80,3114.42,3118.37,3117.76,85.52017280,458
2024-05-18 23:00:00,3118.46,3124.11,3116.39,3121.37,3120.13,111.73308521,525
2024-05-19 00:00:00,3121.37,3125.00,3113.48,3113.48,3121.74,91.48629074,576
2024-05-19 01:00:00,3113.49,3120.41,3113.48,3115.86,3117.45,64.67387963,550
2024-05-19 02:00:00,3115.87,3134.00,3115.86,3133.31,3130.01,104.69076448,701
2024-05-19 03:00:00,3133.32,3133.75,3126.44,3127.65,3129.94,147.25687389,491
2024-05-19 04:00:00,3127.66,3127.67,3115.28,3123.38,3121.20,310.13303808,488
2024-05-19 05:00:00,3122.69,3123.31,3117.56,3118.22,3120.17,119.97784132,158
2024-05-19 06:00:00,3118.22,3118.22,3105.07,3107.56,3115.76,104.01773786,159
2024-05-19 07:00:00,3107.56,3118.72,3105.32,3113.16,3112.31,80.76735116,218
2024-05-19 08:00:00,3113.95,3113.98,3105.64,3108.07,3109.16,73.57001939,193
2024-05-19 09:00:00,3107.98,3107.98,3100.00,3107.62,3103.74,133.16285224,259
2024-05-19 10:00:00,3107.62,3124.22,3104.29,3105.04,3118.18,169.84422689,292
2024-05-19 11:00:00,3105.04,3105.04,3085.88,3101.53,3093.27,331.43630425,492
2024-05-19 12:00:00,3101.53,3101.53,3076.17,3079.44,3084.31,187.33719845,344
2024-05-19 13:00:00,3078.24,3088.49,3069.23,3084.74,3076.38,219.79455045,433
2024-05-19 14:00:00,3084.74,3085.96,3075.56,3077.17,3081.69,70.86960616,265
2024-05-19 15:00:00,3077.17,3078.94,3065.09,3076.99,3074.31,245.78188279,457
2024-05-19 16:00:00,3077.00,3078.73,3059.00,3062.16,3063.94,540.61407766,466
2024-05-19 17:00:00,3062.17,3075.63,3062.16,3073.13,3071.97,185.59188379,273
2024-05-19 18:00:00,3073.13,3074.08,3068.27,3070.28,3072.11,68.76183540,307
2024-05-19 19:00:00,3070.27,3083.35,3060.76,3064.12,3068.68,342.22470817,612
2024-05-19 20:00:00,3063.62,3081.03,3063.51,3074.05,3074.76,132.40581317,560
2024-05-19 21:00:00,3074.05,3077.77,3055.70,3069.62,3066.51,160.03923123,377
2024-05-19 22:00:00,3069.63,3076.89,3068.08,3075.28,3074.53,201.52522620,503
2024-05-19 23:00:00,3075.28,3075.40,3067.99,3071.79,3071.49,41.61797601,182
2024-05-20 00:00:00,3071.79,3081.68,3061.01,3079.80,3074.89,138.18980808,346
2024-05-20 01:00:00,3077.30,3083.75,3050.00,3076.20,3058.95,524.46145031,536
2024-05-20 02:00:00,3076.19,3091.69,3076.19,3090.82,3084.39,102.96240292,347
2024-05-20 03:00:00,3090.81,3097.12,3086.57,3086.88,3089.36,89.27032982,247
2024-05-20 04:00:00,3086.73,3124.61,3085.82,3122.94,3102.57,250.15259363,472
2024-05-20 05:00:00,3123.25,3137.45,3123.23,3125.01,3128.69,172.08189301,397
2024-05-20 06:00:00,3125.00,3125.01,3067.10,3073.33,3084.79,204.18541259,413
2024-05-20 07:00:00,3073.33,3095.19,3070.18,3092.07,3085.00,157.34655299,346
2024-05-20 08:00:00,3092.05,3104.55,3092.04,3099.97,3100.55,314.10378928,346
2024-05-20 09:00:00,3099.96,3105.96,3095.72,3097.21,3102.95,60.01715261,235
2024-05-20 10:00:00,3097.10,3112.00,3093.97,3103.88,3103.78,159.61686401,335
2024-05-20 11:00:00,3103.91,3110.02,3089.45,3094.62,3108.41,1698.68294701,432
2024-05-20 12:00:00,3094.63,3094.95,3078.91,3085.62,3086.30,279.77764808,257
2024-05-20 13:00:00,3084.90,3096.08,3078.82,3093.17,3086.43,109.75342764,321
2024-05-20 14:00:00,3093.17,3093.54,3077.47,3088.06,3085.36,475.16782039,425
2024-05-20 15:00:00,3088.06,3120.21,3086.67,3117.03,3108.26,1616.56798844,766
2024-05-20 16:00:00,3117.04,3145.00,3113.66,3133.99,3127.73,1456.21787485,1016
2024-05-20 17:00:00,3134.00,3150.00,3127.46,3145.08,3137.46,457.22306366,682
2024-05-20 18:00:00,3145.24,3153.73,3140.00,3148.73,3146.84,988.41282729,664
2024-05-20 19:00:00,3148.73,3458.89,3143.58,3440.46,3352.17,9720.30325581,7927
2024-05-20 20:00:00,3442.52,3575.00,3421.95,3500.00,3479.25,7133.68634558,4397
2024-05-20 21:00:00,3500.00,3647.00,3488.82,3647.00,3567.38,7269.71739163,3742
2024-05-20 22:00:00,3646.99,3682.46,3610.06,3613.38,3644.50,4612.40902930,2487
2024-05-20 23:00:00,3613.44,3690.83,3613.38,3661.30,3649.48,4661.28279143,1971
2024-05-21 00:00:00,3661.31,3721.05,3661.29,3687.72,3689.72,2054.40672946,1778
2024-05-21 01:00:00,3687.69,3690.22,3640.01,3684.73,3663.16,3439.52862400,1681
2024-05-21 02:00:00,3684.75,3686.18,3684.56,3684.56,3684.82,15.97521110,42
